title,category
 영상  LG 떠난 롤러블폰  중국이 꿰찬다  어떤 모습이길래,IT
 삼성 폴더블폰 기술은 못 따라가  구글  결국 무릎 꿇었다,IT
 소음 과속 배달  얼마나 심하면  민폐없는  전기 오토바이  등장,IT
CDMO 전문기업 손잡는 SK  유전자세포치료제 사업 가속,IT
 유럽 봉쇄  흔들리는 위드 코로나  성과 내는    바이오에 기회 될까,IT
IT서비스 솔루션업계  신사업  투자 확대,IT
 갤럭시워치    멜론서 스트리밍 제공,IT
SK  먹는 코로나 치료제 위탁생산,IT
 입점 연동 수수료 공짜  내건 카카오  계획이 다 있구나,IT
 이런 황당한   카카오택시에 출현한 리니지  실상 알고 보니 ,IT
카카오게임즈의 약진이 거세다   오딘 으로  위 찍고  글로벌과 신사업에 도전장,IT
 노벨상  수상자가 보인다  세계    과학자   한국에 몇 명 ,IT
피엔티  내년 반도체장비 R D에 역대 최대    억 투입,IT
 더 갤럭시답게   폰 보안 강화하고 워치  얼굴  다양해졌다,IT
 제대로 된 보상해야    KT 보상 시작되자 불만 쏟아져,IT
 삼성 베끼기 아니다   화웨이  새 폴더블폰 어떻길래,IT
 세계 가장 영향력 있는 연구자 에 국내 과학자   명,IT
젊은 감각 결단력으로 무장  네이버    대 CEO가 온다  네이버 이끌 새 수장은 ,IT
OTT 군웅할거  글로벌 공룡들의   사  색  한국 진출 국산 OTT는 어디로,IT
팀 스위니 에픽게임즈 대표  구글 애플 독점적 지위 남용 ,IT
 영상  LG 떠난 롤러블폰  중국이 꿰찬다  어떤 모습이길래,IT
 나는 한국인  외쳤던 미국 게임사 대표  애플도 혼내줘요 ,IT
델타에  부스터샷 도 속수무책  추가접종 후 돌파감염 나왔다,IT
과기단체들  차기대통령 과학기술 중심 비전 보여야  이재명 윤석열 심상정 안철수 캠프 성명서 전달,IT
새 주인 찾는 티맥스소프트    분기 영업익    억원        ,IT
 아 이뉴스  구글 애플   무시  경고등  지스타 D  ,IT
 하늘의 별 따기  심야 택시대란에 카카오T 택시 콜  껑충 ,IT
 김현아의 IT세상읽기  기업이 수평적 조직문화에 애쓰는 이유,IT
KAIST   이온 첨가제 로 리튬금속전지 수명 크게 늘려,IT
SK  백신 이어 치료제까지 글로벌 생산 주도,IT
카카오  한글 특화 인공지능 공개 네이버와  토종 AI 경쟁  불붙었다,IT
한국  논문 피인용 세계 상위    컴퓨터공학자  명 불과,IT
 세계 상위    연구자 에 한국   명 등재,IT
올해  논문 피인용 횟수 상위     연구자  우리나라 중복 포함해   명,IT
씨게이트  HDD도 SATA  대신 PCI 익스프레스로 ,IT
또 좌절된  대양해군의 꿈     멀어진     년 전력화 ,IT
온실가스 배출량  LG 줄고 삼성 늘었다,IT
SK  유럽 이어 미국서도 GCT CMO 인수 나서  CBM 투자 협상 진행 중,IT
네이버    일 이사회     젊은 리더십  재편하나,IT
HK이노엔 케이캡  연매출     억원대 국산 신약 유력,IT
카카오  그라운드X     선언 블록체인 글로벌 쏜다,IT
원격근무 힘 입은  NHN 두레이      년 뒤 IPO ,IT
네이버 이사회 D       대 CEO로 바뀐다,IT
  G     지하철 와이파이    월말 쓸 수 있다   호선 성수지선   IT돋보기 ,IT
  세 하버드출신 최수연  네이버 차기 CEO 유력,IT
티맵  지상 하늘 잇는다  플라잉카 탑승수속 플랫폼 공개,IT
피에스케이  반도체  베벨 에처  국산화,IT
 디즈니  고작 이것 뿐이야   사실은   사전심의에  발목   OTT온에어 ,IT
에픽게임즈 대표  구글 애플  앱마켓 독점으로 메타버스 성장 방해 ,IT
 단독 넷플릭스  tvN  불가살  해외판권 확보  콘텐츠 경쟁력 확보 ,IT
 인앱결제는 시작일 뿐   국내외 전문가  구글 애플 막기 위해 뭉쳤다,IT
미국 반세기만의 달 복귀  일러야      년으로 또 밀려,IT
 네이버 경영쇄신    개편 D    한성숙 CEO  후임 향방은 ,IT
삼성전자    반도체공장 오스틴 철회설에  아직 검토중 ,IT
반도체용 초순수 국산화 박차 SK실트론에 실증플랜트 착공,IT
 반   구글 애플연대  한국에서 뭉쳤다    구글 갑질방지법  귀중한 선례 ,IT
러시아 위성요격에 격노한 NASA  중국도 위협하는 일 ,IT
 불법 다운로드 영상인 줄  디즈니플러스 이용자들  분통 ,IT
 삼성처럼 못 만든다  미국 구글  폴더블폰  포기 ,IT
카카오T 택시 일 호출 역대 최대인데 심야 택시 부족,IT
 이구순의 느린걸음  넷플릭스 부사장은 한국에 왜 왔을까 ,IT
 인앱결제 나비효과    구글 애플   무시  경고등    CES 밝힌다,IT
삼성 파운드리  결국 테일러 가나   오스틴  세금감면 신청서 철회,IT
     대한민국 게임대상 D    오딘 미르  대상 경합,IT
삼영에스앤씨  수소연료전지용 온습도 센서 세계 최초 개발,IT
지스타 D    출품작 살펴보니 미출시 기대작 대거 출품,IT
국감서 발뺌하더니    애플케어플러스는 보험상품 ,IT
금융업계  태풍  마이데이터  국내 은행 사활걸었다,IT
에임브로드 앤드어스  축구메타버스에 블록체인 접목,IT
  국회서  나는 한국인이다  외친   IT 거물  구글 애플 연대 종합 ,IT
 셧다운  클레이튼     으로 부활할까 그라운드X  글로벌 진출 본격화,IT
자일링스  가속기 카드로 HPC 시장 공략 박차,IT
위메이드   미르   NFT 거래소  X드레이코  론칭 임박,IT
NHN두레이  종합 SaaS 앞세워 대기업 공략  내년 매출  배로  종합 ,IT
 전기  에너지 저장용량   배   리튬금속전지 상용화 물꼬 텄다,IT
 종이명함  없앤다는 카카오   오픈채팅방 입장 때도  신분증  제시한다,IT
 독점기업 애플  메타버스 성장 방해   에픽게임즈 대표의 경고,IT
 종합  구글 애플 갑질 막아야   찾은 에픽게임즈 CEO 글로벌 연대 움직임,IT
 단독  라이더 헬멧 확인해야  배달플랫폼에 과태료 부과  논란 ,IT
 국민 MC  유재석  카카오엔터 주주됐다,IT
카카오  수수료 없는 오픈 커머스 만든다  브랜드 소상공인 동일,IT
COP는 멈춰도 온난화는 계속된다   월 세계 기온 역대  위,IT
네이버    년대생 여성 CEO 나오나 한성숙 후임에  촉각 ,IT
원자재 반도체 부족에 삼성 LG 가전 가격도 줄줄이 올라,IT
  일  회 투여로 코로나   완치시킬 것 ,IT
인공지능으로 땅속   만발 지뢰제거   억 투입,IT
지뢰제거 작전에 AI 투입한다,IT
 GPU보다 빠르다  자일링스  데이터센터 가속기 선봬,IT
 한국인이라고 말할수 있어 자랑스러워  앱생태계 공정화세미나 종합 ,IT
MS 부사장 출신 애플 스마트홈 책임자  애플 떠난다,IT
 주만에 시험대 오른 위드 코로나 새 방역지침 놓고  우왕좌왕  정부,IT
KT 불통 사고로 매출은 반 토막 보상은     원 ,IT
카카오  수수료 없는 커머스 플랫폼 만들겠다 ,IT
카카오T   위드 코로나 에 일 호출    만건 심야에 택시 없다,IT
한국이 불지핀  구글 애플연대 내년 미국 유럽 간다 종합 ,IT
   IT거물  팀 스위니  구글 애플  메타버스의 적   자랑스럽다 ,IT
음저협  국내 OTT  저작권 인식에 악영향 심각  성명,IT
양자기술특별위원회 왜 만들었나,IT
카카오신분증 있으면  톡명함  이용자 보호 강화하는 카카오,IT
거실은 장악 못 하는 애플 스마트홈 이끈 수장 사임,IT
식약처  노바백스 코로나   백신 허가심사 착수,IT
망 분리 시장 올해 첫     억 돌파   타임게이트 등 선점 각축,IT
 수수료 제로  카카오  카톡 내 새로운 오픈마켓 만든다,IT
한국 찾은 에픽게임즈 대표  애플 구글  앱마켓 독점 통해 메타버스까지 지배 야욕 ,IT
카카오엔터프라이즈  AI 비서 캐스퍼   년 내 자비스처럼 진화 ,IT
NHN두레이  홀로서기  시작  내년 매출  배로 ,IT
 안테나  판 유희열    억 카카오엔터에 베팅  절친  유재석도 동참,IT
 서 출발한 인앱결제강제금지법 미국 프랑스 인도도 법 추진,IT
카카오톡 신분증 기능 확대 톡명함 공개,IT
희귀한 롱다리 오징어  빅핀오징어  포착,IT
SW 교육 시간 미국의        수업일수 확대해야 ,IT
 암호화폐 노린 해킹 기승 부릴 것     체크포인트  사이버보안 예측 보고서 발표,IT
비대면 협업툴  NHN 두레이    내년 매출  배 올려 IPO 간다  포부,IT
 나는 한국인이다  에픽게임즈 CEO   방문해  공정한 룰  촉구,IT
페이스북  소리소문없이  메타버스 기업  사냥,IT
 안녕하게요   매직한 하루 되시길  디즈니플러스의 엉성한 고객상담은 진짜였다,IT
      칩    주년   인텔은 그때의  왕관 을 되찾을 수 있을까,IT
 개인정보유출 확인하세요   털린 내 정보 찾기  개시,IT
 용량   배  리튬금속전지    사이클 달성 상용화 핵심 과제 풀었다,IT
삼성 미 반도체  공장  오스틴 신청서  곳 철회   테일러로 기우나,IT
네이버 이어 카카오도  초거대 AI  공개   양대 플랫폼 기술 경쟁 본격화,IT
NHN두레이  내년 고객 매출규모  배로 성장 ,IT
 인앱결제 나비효과    팀 스위니 에픽게임즈  애플도  인앱결제 방지법  준수해야 ,IT
 IT돋보기  꿈틀대는 블록체인 게임 플랫폼 선점 경쟁 점화,IT
 똑똑한 자율주행열차      로 달리는 하이퍼튜브  K철도기술이 선사할 미래,IT
 지금은 우주  코로나   가라    일 부분월식 대면 관측한다,IT
KT 인터넷 장애  보상액 조회 기간 겨우   일  보상 금액 불만도 ,IT
  만명이 선택한 협업툴  NHN두레이     내년 매출  배 성장 ,IT
팀 스위니 에픽게임즈 대표  구글 애플  메타버스 시장도 독점  경고,IT
 NFT 감별사   에스파 로 성공한 SM의 메타버스 실험  NFT로 이어질까 ,IT
 다 합쳐서    원  실화냐   KT 보상금에 들끓는 여론,IT
코로나   총 확진자   만명 육박 총 사망자     명,IT
은행 아닌 기술회사  카카오뱅크   고객 시간     년을 절약한 배경은 ,IT
카카오T  일상회복 첫 주말 호출    만건 피크시간도 바뀌었다,IT
 아하  우주   오리 혜성    P  지구 최근접 통과     년 돌아온다,IT
로블록스  교육용 비디오게임 개발에     만달러 투자,IT
우체국 예약 물품 눌렀더니  헉   스미싱 공격  주의보 ,IT
 프라이버시 기능 늘렸다  갤럭시 폰 워치 SW 업데이트,IT
애플  자율주행 실험  총력  시험 운전자 확대,IT
 이기자의 게임픽  위메이드  블록체인  위믹스  연합 확대일로,IT
애플   OTT 생태계 로 경쟁자 추격  애플TV  앱으로 접근성 ,IT
HK이노엔  케이캡  작년 실적 넘었다 연     억원 국산 신약 눈앞,IT
 구글 갑질 방지법  껍데기만 남나  외부결제 수수료 최고    ,IT
미래산업 패권  메타버스  춘추전국시대 본격 점화,IT
한국말 알아듣는 초거대 AI 등장 카카오브레인   KoGPT  공개,IT
 아이들 부정적 영향 속였다    메타 페이스북   주정부에 집단소송 당해,IT
NHN두레이   영역  배 성장 노린다 대기업 결재 시장 공략,IT
심야에 택시 잡기 힘들다 수요공급 불일치  기사 인센티브 필요,IT
윤석열  이중제재 독자는 포털에서 연합뉴스를 보고 싶다  종합 ,IT
엔씨소프트  첫 NFT 게임은 리니지    프로젝트 TL  유력,IT
SK바이오사이언스  노바백스 코로나   백신 국내 품목허가 신청 돌입,IT
 구글 꼼수 막아라  법안 통과에도 앱통행세 ing 글로벌 연대할까,IT
연매출  조원 눈앞 크래프톤 신작으로  배그 신화  이어간다,IT
삼성전자  소프트웨어 업데이트 실시  One UI    론칭,IT
뽀로로 이어  핑크퐁 아기상어 도 NFT로 만든다,IT
카카오브레인  한국어 초거대 AI 언어모델  KoGPT  공개,IT
궤도역학으로 본 누리호의 우주비행 궤적,IT
실리콘 대신할 반도체 소재 온다     TMD  공동 연구,IT
머스크의 입만 보는 테슬라 주가  주식 더 팔까 에 또 출렁,IT
카카오  한국어로 생각하고 글쓰는 초거대 AI 시대 연다,IT
위드코로나   심야 택시대란  사실로  카카오T 하루콜    만건 폭주,IT
케이캡정    월까지    억원 처방 연     억원 국산신약  눈앞 ,IT
 구글  폴더블폰 출시 취소     년 상반기까지 안 나와 ,IT
한국을 글로벌 지급결제플랫폼 헤드쿼터로  하나금융  GLN 에 거는 기대,IT
  암호화폐 협회  스테이블코인 법제화 관련 보고서 공개,IT
 영상   구형 갤워치도 신형 같이 나만의 갤럭시로  변신  ,IT
삼성전자  갤럭시 소프트웨어 업데이트  갤S   부터 순차 적용,IT
샤오미  차이나텔레콤  G 스마트폰 성능 테스트에서  위,IT
 NFT 국내 게임사   블록체인 게임 엇박자 게임위는  규제  콘진원은  장려 ,IT
 원하는 컬러로 갤럭시 꾸민다  삼성   원 UI    공식 출시,IT
알파고 뛰어넘는  초거대 AI  네이버 이어 카카오도 공개,IT
비트코인  만    달러대  탭루트  업그레이드 기대감 사라져,IT
 메디톡스   분기 호실적 내년 톡신 매출 회복 기대 ,IT
국제우주정거장에 발생한 우주쓰레기 대피 소동,IT
 메타버스  엄청난 투자기회 커질 수밖에 없다 ,IT
 첫 트윗 NFT    억에 팔렸다 집행검 NFT는 얼마에 나올까  Law  강태욱 ,IT
 나만의 갤럭시 만든다  삼성   원 UI    출시  갤S  부터 순차 적용,IT
 더 갤럭시답게  삼성  원 UI     등 SW 업데이트 실시,IT
DSCC  구글 폴더블폰 연기에 삼성  Z플립  폴드   수혜 ,IT
 화상회의  이젠 메타버스로    줌 MS 시스코 한컴  서비스 열풍,IT
 예약 물품 맞는지 조회 부탁합니다  우체국 안내 문자인 줄 알았는데,IT
케이캡정    월까지    억원 처방 연     억원 국산신약  눈앞 ,IT
 구글  폴더블폰 출시 취소     년 상반기까지 안 나와 ,IT
한국을 글로벌 지급결제플랫폼 헤드쿼터로  하나금융  GLN 에 거는 기대,IT
산전수전  갤럭시S   FE  공개 가시화,IT
 네오이뮨텍  미충족 수요 높은 암종서 병용요법 효과 확인 ,IT
 네이버 어벤저스   웹툰AI페인터  공개  주일만에   만 작품 쏟아져 ,IT
 넷플릭스  오해와 진실   이용자가 요금 내는데  망사용료는 왜 ,IT
삼성전자   갤럭시S    세계 첫  나노 AP 탑재 애플      년  가능 ,IT
초미세 반도체 위한 신소재 대면적 합성에 성공,IT
 일문일답   우주개발 전담조직 필요   달 착륙선 국산 발사체로 쏠 것 ,IT
  년간 위성    기 발사체   여회 쏜다   한국형GPS 내년 착수,IT
 업비트UP   혁신의 블랙홀  메타버스 NFT 시장 열리자 기승전 두나무 ,IT
 실리콘 반도체 비켜라   전이금속 반도체소재 상용화 성큼,IT
스피커 넘어 플랫폼 속으로  음성인식  AI 비서  무한질주,IT
 지스타 걱정마세요     N  빠진 빈자리    K 가 채운다,IT
 단독  SKT  내년 상반기에 사람같은  감성 AI 에이전트  선보인다,IT
  일IT템 갤럭시S   두뇌는 스냅드래곤  엑시노스  둘 다 ,IT
 웨이퍼  가격마저 급등  반도체 공급망 위기감 고조,IT
네이버 카카오 날아가는데   형제회사 NHN  우린 구름이라도  인싸IT ,IT
    러시아 위성요격 실험 비난  무책임한 행동 ,IT
 구글 아마존에 완전히 밀렸다  애플 스마트홈 책임자 결국 IT썰 ,IT
 메타버스  군불만 때는 싸이월드 이용자들은 지쳤다,IT
크래프톤   배그  뉴스테이트  흥행으로   리스크 벗어날까 ,IT
 우주 비즈니스 시대  한국형 GPS 개발 등   년간    조원 투입,IT
 신음 논란  여성 BJ  남성 팬과 성관계 안해   조작이었다 ,IT
 플라스틱 줄이자  지속가능해진 SKT 다회용컵 프로젝트 사연,IT
D램값 급락에도 느긋한 삼성전자  믿는 구석은 따로 있다 ,IT
  년 간 위성    기 개발  발사체   회 발사    우주산업 청사진 공개,IT
 실리콘 이을 새 반도체 소재 TMD 상용화 실마리 찾았다 ,IT
    큐비트  새 양자컴퓨터 내놓는 IBM 국내도 들어온다는데,IT
 포털 퇴출  연합뉴스  네이버 카카오 상대로 법적 대응 ,IT
삼성폰 중남미  위지만  샤오미 약진    추격 심상찮다,IT
 인터넷 모바일 다합쳐    원   KT 보상에 뿔난 고객들,IT
 우주인 대피하라  비상  우주쓰레기  하루 두번이나 ISS 근접,IT
노바백스 코로나 백신 SK바사  국내 허가 신청,IT
이재용  가석방 후 첫 해외 출장  뉴삼성  광폭행보 예고,IT
아르테미스 달탐사 선발대로 나서는 우주비행 베테랑  스누피 ,IT
    만원짜리 스키 고글   애플 야심작 과연 팔릴까 ,IT
연합뉴스  일방적 약관 무효  포털퇴출 효력정지 가처분 신청,IT
이공계생  꿈의 직장 이라던 연구소  연봉 깎고 이직  무슨 일,IT
폰파라치 잠정 중단  연말  보조금전쟁  점화,IT
   개국  위 달성  배그 뉴스테이트     K콘텐츠 열풍 잇나,IT
 메타버스가 여성 소수자 해칠 수 있다  페북  키맨 의 경고 IT썰 ,IT
 뉴스분석   OTT공룡  한국상륙 후폭풍 구독료 아끼려  위험한 동거 ,IT
  년간 위성    여기 발사  한국형 GPS도 개발,IT
 이젠  우주 정부  패스트 팔로어 전략 추진 한국판  스페이스X  나올까,IT
 불법 자막보다 못한 수준  한국 상륙 디즈니  불만 폭발 ,IT
 K GPS 독립선언  사실상 개발경쟁 후발주자  막대한 예산 확보도 관건,IT
실적 고전 셀트리온  유럽서 잇단  반전카드 ,IT
삼성전자  미국서  G 본격 실험 나선다,IT
 중국 추격 예사롭지 않다  삼성폰 중남미  위 굳건한데 씁쓸  왜 ,IT
 이글  공개 IBM  양자컴 상용화 속도낸다,IT
 공회전 플랫폼 규제  방향부터 잡자  학계 전문가 소신 발언  IT돋보기 ,IT
정부  부스터샷  개월보다 앞당기기로 권덕철  조만간 확정 ,IT
카카오 블록체인  클레이튼  먹통 사고    개방성 높여야 ,IT
삼성전자  연구개발비   조    억원  역대 최대 ,IT
 메타버스는 헛소리  과도한 띄우기가  회의론  불렀나,IT
초심 다진 NC 벌써      억 매출  리니지W 흥행요소  가지,IT
전세계  겜돌이 들 홀린 이것   넷플릭스 부사장도 그래서 옮겼다,IT
 기자수첩  정신이 팔린 동안에,IT
폰파라치 잠정 중단  연말  보조금전쟁  점화,IT
   개국  위 달성  배그 뉴스테이트     K콘텐츠 열풍 잇나,IT
 로블록스 로 억대 소득자 급증한다 작년에만    명 넘어,IT
식약처  SK바사 생산하는 노바백스 코로나   백신 품목 허가 심사 착수,IT
 코인뉴스  비트코인  과거와 같은 폭락은 없다   천만 후반 유지,IT
삼성  중남미 스마트폰 시장  위 지켜 점유율은 하락,IT
티맵  위드코로나 이후 일간 이용자수 최대치 기록,IT
약속 지킨 삼성전자   분기  직원 연구개발비  역대 최고,IT
위성    개 띄우고 발사체   개 쏜다     년 KPS 구축에 착수,IT
국산 코로나   백신 임상 참여자  백신패스 예외 인정,IT
한컴  게더타운 벤치마킹한  한컴타운  연 이유는 ,IT
  스마트폰의  전력공정  급속충전으로 애플 삼성에 도전장,IT
  조 클럽  우습다 바이오 기업들  전통제약 넘어 매출 성장 가속,IT
 차원 위치추적   소방관 원격 관제  초고층 화재 걱정없다 ,IT
 욕하더니 엄청 봤네  일본  알고 보니 오징어게임 최고 효자 ,IT
 자막이 영  한국 상륙 디즈니   기대가 너무 컸나 ,IT
한국어 학습량        우리 인공지능이 중요한 이유,IT
 슈퍼개발자가 경쟁력  IT업계 인재 모시기 전쟁  라운드,IT
과제 산적한 LG엔솔   새 사령탑 권영수의 경영 전략은 ,IT
SK바이오사이언스  노바백스 백신 품목허가 신청,IT
 아 이뉴스   구현모 사장단  KT  인 공동경영 배틀그라운드 왕좌 올라,IT
넥슨 크래프톤 카겜   분기 호성적 엔씨 넷마블은 주춤 종합 ,IT
NFT 뛰어든 K 엔터  팬덤으로 대중화 이끌까,IT
국회 대기법안만   개  가상자산법  논의 속도낸다,IT
  앱공정성연대  한국 구글갑질방지법 기념비적 강제화 중요 ,IT
 삼성 AI  덕분에   분 상담이  분이면 끝,IT
티맵   위드코로나  이후 일사용자수 최고치,IT
  번가 출신 이커머스 전문가들   년 만에 모두 롯데 떠났다,IT
네이버   Q 누적투자  조원 돌파 콘텐츠 커머스 중심 투자,IT
  년 간 위성    여기 띄우고 우주 발사체   여회 쏜다,IT
SKT 네트워크 오류 빠르게 복구하는  차세대  G 코어  내년 상용화,IT
 DD 퇴근길  현대차와 호러게임  바이오 하자드 는 무슨 관계 ,IT
단풍철  위드코로나 에 차량 이동  신기록  인기 관광지는 이곳,IT
우리은하 중심부서 우주 방사선 막는 신비한 장벽 발견,IT
갤럭시S   FE 마케팅 자료 유출 상세 스펙은 ,IT
 단독   초저가  아마존 태블릿PC 상륙 판 흔드나,IT
셀트리온  이번엔  mRNA 신약  날개 달것 ,IT
SD바이오센서  힘빠진 실적   개월새 매출  반토막 ,IT
 차기 정부  디지털 뉴딜 놓치면 뒤쳐진다      차산업혁명 마스터플랜  계승해야 ,IT
지아이이노베이션   학회에서  GI      임상 경과 공개  차세대 면역항암제 기대감 확인 ,IT
LG CNS  역대  분기 중 사상 최대 실적  매출  조 돌파,IT
어느 암 말기환자가 먹었다는 구충제  진짜 효과 있나  ,IT
중국 명품시장  큰손  Z세대  가장 선호하는 브랜드는 샤넬,IT
삼성  중남미 시장서  불안한  위    제조사가 점유율  야금야금 ,IT
  년 뒤 우주 비즈니스 시대   산업 육성 전략 세웠다,IT
LG CNS   분기 매출  조 돌파 역대  분기 최대 실적,IT
총리 주재로 국가우주위 첫 회의  공공 목적  위성    기 개발,IT
 출혈경쟁  배달앱  주문 감소 배달비 인상까지  트리플 악재 ,IT
 CPU 마이닝  암호화폐 랩토리움에 AMD 라이젠 프로세서  몸살 ,IT
IBM   구글보다 앞선 양자 컴퓨터 기술  양자컴퓨터  이글  공개,IT
국무총리 주재로 격상된 첫 우주      조원 규모 우주시장 도전 ,IT
티맵모빌리티   위드 코로나  이후 일 사용자 수 역대 최대,IT
   우주 비즈니스 시대      년까지 위성    기 개발  국내 발사체 총   회 발사,IT
 위드코로나 단풍놀이  이동량 증가 T맵  일 사용자 수 신기록,IT
    년까지 위성    여기 개발 발사체   여회 쏜다,IT
포스코  전동차용 고효율 전기강판에  조 투자,IT
김부겸  우주는 초격차 상징  민간 생태계 키우겠다 ,IT
 한국형 GPS  개발 내년 착수 국내 우주개발 사상 최대 규모,IT
    년까지    기 공공위성 개발하고  발사체   차례 쏜다,IT
 소울메이트  앱으로도 만날 수 있다  친구찾기앱  몇명이나 쓸까,IT
LG CNS  역대  분기 중 사상 최대 실적  매출  조 돌파,IT
정부      년까지 위성    기 개발 발사체   여회 발사 추진,IT
로켓   번 쏘고  위성    기 개발   향후   년은  우주 시대 ,IT
  년간 공공 위성    대 만들고 로켓   발 쏜다,IT
김부겸 총리   우주 산업 생태계를 만드는 것이 다음 목적지 ,IT
위드코로나 시행  여행 앱 이용 현황은 ,IT
  대표 엔터사 일제히 NFT 진출   NFT 신산업 대세될까,IT
 개미톡톡  쌍용차 인수하는 에디슨EV 쎄미시스코  급락 마감,IT
 또다시 전쟁  네카라쿠  배당토야   억 스톡옵션 준다,IT
라온시큐어  영업손실  억 적자 지속,IT
삼성   Q 중남미 스마트폰 불안한  위 모토로라   공세,IT
LG이노텍  애플 메타버스 올라타나,IT
중견 가전사  주방 생활가전 등 새 캐시카우 발굴 총력,IT
 콘텐츠칼럼 블록체인 게임과 블록체인에 대한 인식,IT
이스트브릿지 인수  이노메트리   년 새 급반등 연간 최대 실적 예고,IT
 뉴스해설 박정호 부회장   공동 성장스토리  만든다,IT
비행기도 친환경  태양 에너지로 항공기 연료 만든다,IT
 삼성   만원 저가폰  이어폰도 못 쓰나    만원 갤버즈 사라 ,IT
 고공행진  테슬라도 반도체 품귀 USB 포트 빠진     만원 전기차,IT
애플 뚫은 삼성전기  M 용 고성능 반도체 기판 공급,IT
코로나  가 불러온 원격진료 이용 바람,IT
 증시이슈  꺼지지 않는 하이브 투자   자이언트스텝     급등,IT
펄어비스  지스타서 도깨비 붉은사막 적용  차세대 엔진  소개,IT
 가상자산 법  제정 급물살 타나     일 국회 공청회,IT
삼성전자  중남미 스마트폰  위 지켰지만   업체  맹추격 ,IT
이재명  상무 E 스포츠단 창단 제안  연일 청년에  구애  종합 ,IT
 IT돋보기   구현모 사장단  KT  인 공동경영 임기 끝 달린다,IT
삼성   분기 중남미 스마트폰 점유율  위   거센 추격,IT
KT   알뜰폰 유심  바로 배송 서비스 전국 확대,IT
중남미 스마트폰  화웨이 LG 빈자리   중국이 꿰찼다 삼성 점유율 하락,IT
  최대 극장체인 AMC  비트코인 이더리움 결제 시작,IT
디즈니 넷플 등 공유  젊은층  OTT 구독도 쪼개서 한다,IT
 반도체 부족  몇년 더 계속 애플도 타격 예상 ,IT
삼성전자  중남미 스마트폰 시장  위 수성     업체도 바짝 추격,IT
중국 배터리 출하량 작년보다      증가   국산 배터리 위협,IT
애플    소지품 검사 직원     억원  배상 왜 ,IT
폭스콘  반도체 부족 내년까지  올  분기 매출     줄어들듯 ,IT
   국가안보 차원  엔비디아 ARM 인수  조사,IT
고대 바다에 실존한 괴물 Top     위 메갈로돈   위는 ,IT
애플 뚫은 삼성전기  M 용 고성능 반도체 기판 공급,IT
코로나  가 불러온 원격진료 이용 바람,IT
비트코인  년만의 업그레이드  탭루트  활성화 어떤 영향 미칠까,IT
찢어지는 신화   도시바  IT서비스에서 생존 기회 찾을까 ,IT
비트코인 탭루트 업그레이드 완료   비트코인  상승세,IT
삼성폰  중남미  위 지켰지만  업체 추격에  우려 ,IT
대한전선       억원 또 수주   올 미 최대 수주 예상,IT
윈도   장애 신호  블랙 블루스크린으로 바뀐다,IT
 제조업계  반도체 대란 속 저급 모델로 하향 제조 ,IT
개발자 찾아 베트남 갔던 네이버  글로벌 AI학회에 첫 논문 냈다,IT
폭스콘  반도체 공급난  내년 하반기까지 지속 ,IT
 테슬라 차 뽑았는데 USB포트도 없네   반도체 대란  여파,IT
크래프톤  배그  뉴스테이트   서구권 흥행 조짐   의존도 낮출까,IT
삼성전자  호주 TPG텔레콤   G vRAN  시험 완료    망 구축 협력 확대,IT
IBM   양자컴퓨팅 분야 가장 앞섰다     년 양자우위 달성   IT돋보기 ,IT
SKT가  지스타  기조연설 무대 서는 이유는 ,IT
 반도체 부족  내년 하반기까지 이어진다 ,IT
정부도  메타버스 에 홀렸다 과기정통부  디지털 신산업 육성  IT돋보기 ,IT
 싫어요 숫자 가리는 건 멍청한 짓   유튜브 비판한 유튜브 창업자,IT
유튜브 프리미엄   본전  뽑으려면 ,IT
 DD s톡  정보보호  위 안랩  사업 호조 이어가지만    정치이슈 딜레마,IT
화재현장 구조요청자 위치 빨리 파악  정밀측위 기술  공개,IT
과기정통부   긴급구조용 지능형 정밀측위 기술개발  중간점검,IT
과기부  긴급구조 위한 실내 위치파악 기술시연  화재 비극 막는다 ,IT
화재현장 홀로 남는 소방관  다신 없도록 위치정보 기술 나온다,IT
인도양서  열수분출공   곳 연달아 발견,IT
 경쟁사 부진  호재 LG이노텍  애플 매출  배 가까이 늘었다,IT
 제 의 쿠팡 화재 막아라  긴급구조용 지능형 정밀측위 기술 시연,IT
삼성전자  엑시노스      윤곽  근데 한국은 못 쓴다  ,IT
  언론  애플  사적 이익에 주 정부 예산 동원  비판,IT
국내 코로나 백신 치료제 임상시험 참가자는 방역패스 예외,IT
애플     디지털 신분증  문서 공개 조작 피해 책임  주정부 ,IT
SK텔레콤   차세대  G 코어  구축 개시    내년  분기 상용화,IT
IBM  양자컴퓨터 새 이정표 도달      큐비트  곧 공개,IT
 단독  바람의나라  연  개발사  제페토 손잡고  게임 메타버스  개발,IT
 블록먼데이 코빗타운에서 비트코인을 주워보았다,IT
연합뉴스 지부  하루아침에 고개 들 수 없는 처지됐다 ,IT
   배 빠른 우주 광통신 기술 국내서도 개발 시작한다,IT
 인터뷰 김복철 NST 이사장   NST     이룰 때   국가 R D 허브 이룰 수 있도록 관심 부탁 ,IT
과학기자가 뽑은  올해의 과학자상   석상일 이준이 최재욱 홍정주,IT
알뜰폰  긴급 구조상황 위치 사각지대 없앤다 기술표준 마련,IT
 지스타        빅   빠지면 소는 누가 키우나 올해 주연은 ,IT
코아시아   분기 영업손실   억원  모바일 부진 영향 ,IT
엑셈  토스뱅크에 DB APM 성능 관리 솔루션 공급,IT
아이폰  안경 쓰고 벗을 때 시력 맞춰 화면 보여주나,IT
 소송 전문가 구합니다   오징어 게임 대박 넷플릭스  사내 법무팀 키운다,IT
바이젠셀  진단키트 사업 진출  정밀의료 진단그룹  신설,IT
  연구진 인도양에서 새  열수분출공  발견,IT
인공인간 전문기업 마인즈랩  청약 경쟁률        대   기록,IT
한컴도  메타버스  진출     한컴타운  서비스,IT
차세대 배틀그라운드  뉴스테이트    전세계    개국서   위 게임  등극,IT
구충제가 암세포를 파괴한다   무한증식 암세포 미스터리  규명,IT
 Killer 콘텐츠 로 글로벌 시장 공략  이번엔  K 게임  차례다,IT
 패소 에도 망사용료 협상 나몰라라  넷플릭스에 쏟아지는 비난,IT
 폰파라치  제도   일부터 역사속으로  오늘 오후  시까지 접수 ,IT
신혼부부 대신 캠핑족 택하자 매출  배  룸앤TV  뭐길래,IT
국내연구진  인도양서  바다의 굴뚝  또 발견     생물 다양성 연구 활용 ,IT
구충제로 암치료 가능하다  구충제의 암치료 메커니즘 규명,IT
 주유소 혼란  요소수 소비자  직구 당근마켓에 몰리나,IT
 NFT 국내 게임사   엔씨소프트  NFT와 리니지  찰떡궁합 ,IT
 심평원이 심사결정해 비용을 주고  나중에 환수하는 이유는 뭔가요 ,IT
 지스타        빅   빠지면 소는 누가 키우나 올해 주연은 ,IT
지아이이노베이션   학회서 면역항암제 초기 임상 경과 공개,IT
스카이티브이  OTT 유통판로 확장  나는 SOLO  넷플릭스 쿠팡플레이 판매,IT
 김한준 기자의 e게임  슈퍼로봇대전    매너리즘에서 벗어난 장수 IP,IT
스카이TV  연애예능  나는솔로  넷플릭스 쿠팡플레이에 공급,IT
 뇌 먹는 아메바  잡는 구충제  항암 치료에도 효과 있다,IT
인텔리안테크   분기 턴어라운드  분기 최대 매출 기록,IT
솔루스첨단소재  캐나다 전지박 공장 짓는다 유럽 찍고 북미 진출,IT
코로나   신규 확진     명   대 등 사망   명,IT
엔케이맥스  비소세포폐암 병용 임상    a상 DCR       ,IT
페이스북 CTO  메타버스 세계  이용자 보호 장치 필요 ,IT
대한전선     억원대  전력망 프로젝트 수주,IT
 삼성도 거절  파운드리  주문 폭주 황금기 도래,IT
 D데이               LG전자  첫 국산 라디오  금성 A      출시,IT
SKT  클라우드 기반  차세대  G 코어  내년 상용화,IT
로켓  쏘지 말고 해머 던지듯  빙빙  날려보자 친환경 대안될까,IT
NASA     km 날아가는 희귀 별똥별 포착,IT
아마존 창업주가 그리는 청사진  인류의 첫 번째 집을 우주에 ,IT
   인프라 법안 통과  대한전선  수주 확대 이어지나,IT
조직개편 앞당긴 KT 구현모   내부 혁신 디지코 전환 ,IT
SKT  에릭슨과 클라우드 네이티브 기반  G 코어 도입  내년 상용화 ,IT
  SEC  테라 개발사 CEO에 소환장 이행 요구 소송 제기 등,IT
셀트리온   렉키로나  유럽 허가에  매우 이례적 결정 전세계 문의 증가 ,IT
 D노베이션   원더랜드처럼 놀라움이 가득  메타버스 뛰어든 현대차,IT
삼성 소니  TV 동맹 부활 QD OLED TV  제 의 LCD TV 될까  IT클로즈업 ,IT
카카오게임즈 우마무스메 시프트업 니케   미소녀 게임 부산행,IT
 망사용료 갈등  돈으로 차별 합리적 차등   망 중립성  논란으로 이어지나,IT
카카오  국내외 ESG 평가   DJSI 첫 편입,IT
 배틀그라운드  뉴스테이트  전 세계    개국 인기 게임  위,IT
스마트폰 충전    분이면 O K,IT
 감염위험 경계심 줄어들자 코로나 확진자 증가 ,IT
   인텔의   반도체 생산확대 막았다,IT
 년만의 업그레이드에도 비트코인 보합세,IT
 셀트리온헬스케어  기대 밑돈  분기 실적 목표가   ,IT
  리얼미    만원 이상 고가 폰 시장 진출할 것 ,IT
 배그  뉴스테이트     개국 인기  위 누적 다운     만 ,IT
SKT   차세대  G 코어  내년 상용화 트래픽 처리     ,IT
크래프톤 신작  배그  뉴스테이트  전 세계    개국 인기 게임  위,IT
유튜브 설립자   싫어요  없애는 구글에  멍청한 생각   IT썰 ,IT
NH   삼성바이오로직스  내년에도 호실적 목표가    만원 ,IT
네오이뮨텍  키트루다 병용 대장암  a상 중간결과  ORR     ,IT
 나오자 마자 매일    억씩 벌었다  위기의 기업 살린 게임의 정체,IT
 글로벌포스트        세대    가 가상자산 투자자,IT
신라 발해 갈라졌던 때 싹텄다   어린 왕자  바오밥 나무 나이는   ,IT
 주간 클라우드 동향   월   경쟁 치열해지는 국내 클라우드 시장,IT
 DD s톡   코인판 안 부럽다  NFT발 게임사 주가 폭등,IT
차량용 반도체 공급난 장기화 혼자 웃는 테슬라  왜   IT클로즈업 ,IT
 업비트UP   년    일   시간 거래에도 끄떡없는 거래소 후발주자의 반란,IT
라이다 vs 카메라 자율주행 승자 될 기술은   임주형의 테크토크 ,IT
  일IT템  한약재  지유  추출물이 암세포 성장을 막았다,IT
 이동인의 IT쿨라임  디즈니가 LG유플러스로 간 까닭은 ,IT
삼성전자  나노 초미세공정 첫 고객 AMD 퀄컴 유력,IT
 단독   아이폰    개통   만대 넘었다,IT
 분기 출시된 에어팟 처럼 애플  에어팟 프로   내년  분기 출시 ,IT
 판교통신   처음부터 일본인이 쓴 것처럼   K웹툰 흥행비법 알고보니,IT
 유용하의 사이언스 브런치  환경에 따른 태도 변화  후성유전학적 근거는,IT
 메타버스는 인터넷의 미래  저커버그  도박  성공할까,IT
 평생기술일 줄 알았는데   카센터 사장님의  투잡 ,IT
 현질 없이  리니지W 해보니 플레이는 OK  즐거움은  물음표 ,IT
인도  무책임한 암호화폐 광고 금지할 듯,IT
이재용     조 투자 결정할듯  반도체 동맹 강화,IT
 최승진의 게임카페   아케인 은 요란한 빈 수레가 아니다,IT
 디즈니  써보니  IP 왕국의 품격 서비스 오류는 개선 필요,IT
인류는 대멸종의 장본인이 될 것인가  방패막이 될 것인가  돌이 된 생명의 역사  화석 ,IT
로켓엔진 없이  포환 던지기  한 방에 우주까지 슝 ,IT
달에 가는 미니 로버 군단  임무는  지도제작 ,IT
반도체 대란에 부활  DB하이텍  주문 거절할 정도로 밀려든다,IT
소니와 MS의 같은 듯 다른 클라우드 게임 전략,IT
머스크 대량 매도에  테슬라 주가   개월만에 최대 하락,IT
 상소문폰 언제 펼쳐질까  기술력 정점  LG도 포기한  롤러블폰  최초 누구,IT
 한국 상륙한 디즈니플러스   마블  왓 이프 는 왜 없죠  ,IT
한국  해양용 SMR  구축 프로젝트 본격화,IT
제약업계  보톡스 등 수출용 의약품 판매는 관행 ,IT
우티 타다의 추격   카카오T 독점 막는다 ,IT
 클라우드는 이미 정해진 길   산업특화 빠른 대응이 숙제 ,IT
 이것 얼마일까   아이폰 겨냥한 삼성 전략폰 가격 싸지나,IT
청소년   만명 접종  전체 완료율      ,IT
엔씨소프트 상한가 시세조종 있었나 거래소   슈퍼개미  조사,IT
 나오자마자     억원 벌었다  위기의 택진형 기사회생 ,IT
NFT의 N자만 나와도  게임회사 주식 들썩들썩,IT
이재용     조 투자 결정할듯  반도체 동맹 강화,IT
 최승진의 게임카페   아케인 은 요란한 빈 수레가 아니다,IT
블록체인게임 산업 커지는데   사행성  묶여 국내선 못한다  성장세 강화되는 NFT ,IT
돈버는 게임으로 전환  MBN 전략  통할까,IT
블록체인 제  비번  시드구문  털리면 속수무책,IT
내년  CES      오프라인도 개최 삼성 LG 현대 등 참가,IT
국내 서비스 해외 OTT  종    라인업 경쟁으로 승부수,IT
골드만삭스 금융전문가 영입한 엔씨  투자 역량 강화 ,IT
셀트리온 코로나치료제 유럽 공식 승인,IT
네이버  초거대AI로 감정표현도 하는  아바타 챗봇  만든다,IT
 한국은 이상한 나라  세계적 조롱거리 된  미성년 게임 제한  결국 폐지,IT
 G 끌고 신사업 밀고  통신 사  분기 연속 영업익  조 돌파,IT
 SEC  비트코인 현물 ETF 승인 거부,IT
카카오 블록체인 네트워크  클레이튼  장애  신뢰성 흔들리나,IT
코인원  가상자산사업자 신고 수리  빗썸은 보류,IT
  년 유예  힘실린 가상자산 과세  연내 법개정 무난할 듯,IT
모더나 찾는 이재용 삼바  백신 원액생산  담판 짓나,IT
 항체신약 개발 대폭 앞당기고 변이대응 후보물질 확보총력 ,IT
셀트리온  K바이오 역사 새로 썼다,IT
여럿 까는 게 대세 OTT 구독비 줄여주는 스타트업 출현,IT
한컴 분기보고서 보니  본업  잘했지만  부업  글쎄 ,IT
글로벌 OTT 쏟아지는데 발도 못 뗀  진흥책 에 속 끓는 토종OTT,IT
서울 인천 중환자 병상 가동률     넘어    비상계획 발동은 아직 ,IT
 방역 정책 결정에 활용되는 데이터 공개는 많을수록 좋아 ,IT
독도 상공에 나타난 무인전투기     단계 연구 막바지 ,IT
 폰파라치  신고포상제 잠정 중단  역사 속으로    일까지만 접수,IT
 DD주간브리핑  위드 코로나  비대면 업무 미래는   일  스마트 엔터프라이즈      개최,IT
방송은 사후심의  OTT는 사전등급분류  부처 이기주의 로  년 반 낮잠,IT
 새 경제가치 창출 개인정보보호법 개정안 국회 통과 시급 ,IT
 애플 드론  출시될까  특허  종 미국  싱가포르서 출원,IT
인텔    반도체 증설 미국정부에 막혀  삼성 SK도 영향 받나,IT
디지털 전환으로 관심 받는 통신 KT SKT 네트워크부문장  힘주기  인사,IT
웨이퍼 가격 급등 IT제품  도미노 인상  우려,IT
 이슈분석 커지는 파운드리 시장  각축전 ,IT
 이슈분석 TSMC 인텔 미국 공장은 언제 가동하나,IT
 기자수첩 망 이용대가  국회 역할론 ,IT
대기업참여제한  패스트트랙  등 제도개선,IT
 폰파라치  포상제 종료    이통사  자율정화 방식 강화,IT
 기고 전기요금체계  시대에 맞는 명확한 기준 확립 필요,IT
 IR   장영실상  현대중공업  차세대 공기윤활시스템 Hi ALS ,IT
한컴 분기보고서 보니  본업  잘했지만  부업  글쎄 ,IT
건당    만원  폰파라치  사라진다 연말  공짜폰 대란  오나,IT
규제 리스크 털어낸 네이버 카카오  미래 비전 밝히면 주가 다시 뛸까,IT
코로나   온라인 허위조작정보    는  백신 괴담 ,IT
COP   폐막 각국 단계적 석탄 감축에 합의,IT
기후변화 대응 못하는 인간 동물들은 이미 삶을 바꾸고 있다,IT
미르  스팀 동접 톱   진입    박관호 의장  웃음꽃 ,IT
  인치대 대형 TV   이젠 너무 크지도 비싸지도 않다 ,IT
 지구 궤도 도는 소행성  카모오알레와 는 달의 파편 ,IT
 이렇게 타면 킥보드 안간다   꼴불견  방지 기술 상용 임박,IT
디즈니도  메타버스  속으로,IT
 폰파라치  역사 속으로   일부터 잠정 운영 중단,IT
 오스틴이냐  테일러냐    조 쏟아부을 삼성 파운드리 부지  이재용의 선택은,IT
 뉴스해설  KT     년 조직개편 큰 틀 유지한 채  일하는 조직 에 방점,IT
 오징어게임  독주 막은 LoL 애니  아케인  흥행비결은 ,IT
 알림 위드코로나 시대  메타버스에 주목한다    대한민국 모바일컨퍼런스       개최,IT
P E NFT   블록체인 게임 산업 커지는데   규제는 뒷걸음질,IT
 잇써보니 드론 전기차 추가된  배그 뉴스테이트   오히려  원작 감성  높아져,IT
이산화탄소로 화학제품 원료 생산 임박,IT
 카카오페이 등 빅테크 보험업 진출   부작용  대응 필요 ,IT
 뉴스잇 IT 쥬 이통 사 영업익  조원   게임사는 P E게임  열풍 ,IT
 검은태양 무삭제판    크라임 퍼즐  K콘텐츠로 승부수,IT
코로나   사망자   명 늘어   재원중 위중증    명,IT
요소수 만드는 암모니아  탄소 중립 친환경 에너지원   우리가 몰랐던 과학 이야기       ,IT
 D데이              SK텔레콤  하이닉스반도체 인수,IT
LCD TV 패널 단가   개월 만에          고민 커지는 삼성디스플레이,IT
바커  진천 공장  만    톤 규모로 확대,IT
 글래스고 기후 조약  채택   석탄발전 단계적 감축하고 기온 상승    도 이내로 합의,IT
 크론병  환자   대 가장 많아 복통  체중감소 지속된다면 의심,IT
 이슈분석 삼성 미 반도체 공장 결정 임박   파운드리 전쟁 시작됐다,IT
갤럭시S   FE  마케팅 이미지 유출    내년  월 공개 전망,IT
ETRI  메타버스로 지능화융합기술   개 공개,IT
LoL 애니  아케인  전세계 열광 오징어게임 독주 막았다,IT
 독자님  기사 보고 돈 버세요  블록체인 올라탄 언론사,IT
카카오톡 선물하기   공부왕 찐천재 와 수능 이벤트,IT
네이버 D SF 확장 이전  스타트업 투자 강화,IT
 주간 블록체인   너도 나도  NFT 열풍  단순  주가 상승 재료 로 전락하지 않으려면,IT
위드 코로나에 웃는  세계 최대 IT 가전 전시회    년 만에  서 열린다,IT
  가는 이재용 부회장 삼성 파운드리 증설  초읽기 ,IT
아프리카서 꽃피운  블록체인X금융  콜라보    글루와 Gluwa  가 확인한 가능성,IT
사업제안에도 활용되는 메타버스  비즈니스 플랫폼으로 우뚝,IT
 지금은 기후위기  글래스고 기후 합의 선진국 vs 개도국  치킨 게임 만,IT
ETRI  유망 AI X 등 지능화융합연구 선보인다,IT
 어서와 디즈니     차기 주자  HBO맥스  예열,IT
코로나 신규 확진     명  수도권이     육박,IT
테슬라  칩 부족에 USB 포트 없이 차량 공급,IT
  분기 연속 성장 D램   분기부터 꺾인다  삼성 하이닉스 어쩌나,IT
지마켓  빅스마일데이   일 간     만개 상품 팔았다,IT
SK텔레콤  다우존스 지속가능경영지수 DJSI  편입,IT
플립 가 불러온 향수 서랍 속 유물  피처폰  꺼내는 Z세대,IT
왜 게이머들은  라스트어브어스  에 분노했나 이용자 심층 분석  김주완의 어쩌다IT ,IT
 망사용료 갈등  네이버 카카오는 내는데 국내 CP는 봉인가,IT
암호화폐 약보합세    비트코인 현물 ETF 불허 부정적 영향,IT
 킥보드가 사라졌어요  카카오 T 바이크만 남은 연세대 교정   무슨 일 ,IT
베렉스  무선통신 반도체  RF MMIC  누적  억개 판매,IT
 어서와  디즈니     이용자 반응 살펴보니  볼 것 없다  vs  최고 ,IT
 IT돋보기  AI기업도 메타버스에 꽂혔다,IT
이재용 부회장  여러 파트너 만난다      조 파운드리 투자 결정할듯,IT
AMD  에픽 프로세서 라데온 드라이버 보안 패치 공개,IT
  소비자도 블프 가격 말고 따져볼 것은 무엇 ,IT
이재용   년 만에   출장   미래 전략 구체화되나,IT
우주에서도 케첩 만들 수 있다  화성판 케첩  등장,IT
 당신의 안마당에 원전 하나 들여 놓으실래요   과학을읽다 ,IT
 디즈니  따라올 자 없다   넷플릭스 추월은 이용자  찍먹 에 달렸다,IT
콘텐츠 강국 실현 정책과제 논의장 열린다,IT
한컴  마스크 사업 축소에 매출  뚝   신성장동력 확보에  박차 ,IT
 청소년 심야 게임 금지  셧다운제    년 만에 폐지  향후 변화는 ,IT
필요 공감대 무르익은 우주전담조직  차기정부서 탄생할까,IT
위드 코로나로 시작된  택시 대란  호출앱 이용도  껑충 ,IT
 광화문테크  비싼 거 빼면 흠잡을 게 없네  발뮤다 기화식 가습기 써보니,IT
 명의를 찾아서  조병철 연세암병원 폐암센터장  폐암  나사로의 기적  있다    암을 당뇨처럼 관리하는 시대 올 것 ,IT
   통신장비  발도 들이지 말라   높아진 미국의 벽  코너 몰리는 화웨이,IT
NFT 게임에 진심인 게임업계  블록체인 개발자 채용 잰걸음,IT
NFT로 난리난 K 게임 게임 잘하면 돈도 번다는데 진짜로 ,IT
게임업계  내달 확률형아이템 자율규제 강화 법제화는 우려,IT
컴투스 SWC     월드파이널  막 내려   DILIGENT 최종 우승,IT
이례적 신속 처리 셀트리온 코로나   치료제 유럽 뚫었다,IT
이재용 부회장    일 캐나다 미국 출장   파운드리 투자 결정 임박,IT
올해  서머너즈워  세계 최강은  딜리전트  SWC     우승,IT
구글  꼼수  논란에 업계 의견 들은 방통위   이번주 시행령 입법예고,IT
이재용   년 만에   출장   미래 전략 구체화되나,IT
 한국폰 안사  미국과 싸워도 아이폰  못 말리는 중국인,IT
 입술에 갑자기 물집이   감기 몸살로 가볍게 봤다간  큰코  KISTI 과학향기 ,IT
 에이앤랩 s IP매뉴얼  소프트웨어 불법복제 손해배상액  왜 이렇게 높은가 ,IT
 오징어게임 끌어내린  아케인   년동안 뭐했나 비사이드IT ,IT
이것만 들어가면 주가 폭등 대체 뭐길래 ,IT
우주에서도 싸우는      극초음속 미사일 vs 감시 위성  과학을읽다 ,IT
지구 대기권 진입한  유성  물수제비처럼 튕겼다 어스그레이저 포착,IT
구글 MS 이어 메타 손잡은 AMD 서버 CPU 시장서 인텔  맹공 ,IT
달탐사 우주선서 울려퍼질 BTS 노래는  강민구의  별우주 ,IT
 이걸로 넷플릭스 상대 되겠냐   한국 상륙 디즈니 첫발부터 삐걱 ,IT
중국  반도체 첨병  SMIC 전폭 지원  조원대 직접 투자,IT
 이거 진짜 괜찮았는데  LG 롤러블폰  삼성이 만드나  배성수의 다다IT선 ,IT
 아이폰   프로  매크로 촬영 직접 끈다 iOS      베타,IT
그라비티   Q 영업익    억  역대 최대 ,IT
기후변화가 가져온 다이어트 아마존 새들  더 가볍고 길어졌다,IT
 종이 비행기나 접어라   조롱  받던 삼성  놀라운 반전 ,IT
다시 기세 강해진 코로나   중환자 병상부족 현실화하나,IT
 폐쇄적 아이폰 수리 정책  애플도 백기 보편화되는  수리할 권리 ,IT
사상 최고가 찍고 급락한 비트코인  탭루트  반등  나올까  강민승의 트레이드나우 ,IT
엔씨소프트가 상한가    NFT  스치기만 하면 쏜다  홍키자의 빅테크 ,IT
 OTT레이더  윤계상 고아성이 만난 추격스릴러  시즌  크라임퍼즐 ,IT
 로켓성장  쿠팡  적자도 지속 신선식품 물류 투자 ,IT
 고든 정의 TECH   GPU도 서로 합쳤다 AMD 인스팅트 MI    시리즈 공개,IT
 프리미엄 리포트      m 질주의 과학  활주로,IT
 망사용료 갈등  넷플릭스는 SKB에  콘텐츠 전송료  내야 하나,IT
인류 문명  끓는 물이 만들었다  물에 관한 알쓸신잡 ,IT
신재생에너지 대책 없는 한국  태양광 풍력만 쓸 때 전력 안정성 세계 최하위권 ,IT
 우주를 보다  우주의 커피  지옥의 소용돌이 부는 목성 포착,IT
삼성전자 SK하이닉스 불확실성 커지나 내년 웨이퍼 공급난 우려,IT
접종완료자         세 이상      가 접종 마쳤다,IT
 태양광 풍력만 쓸 때 전력 안정성  주요   개국 중 한국 꼴찌 ,IT
패션 플랫폼    CM 서  살바도르 달리  전시 티켓이  분만에 매진된 이유,IT
디즈니  한국 첫 오리지널  런닝맨  김종국 송지효 익숙한 얼굴이네,IT
 금융D 택트  기술입고  주먹구구  고객 관리 벗어난 은행,IT
 DD s톡  매출     감소한 한컴    신사업 뛰어들고 있지만  글쎄 ,IT
백신 맞고 심근염 걸렸다고    해외서 원인 규명 나섰다,IT
 셧다운제폐지  게임시간 선택제  과몰입 대안될까 ,IT
 트렌D   품절대란  삼성 비스포크 큐커  당근마켓 몰린 이유는 ,IT
 SEC  비트코인 현물 ETF 결국 승인 거부    투자자 보호 미흡 ,IT
상장 코앞 AI기업들 트윔은 되고  마인즈랩은 안된 것은 ,IT
 OTT토크쇼     우리도 OTT  쿠팡플레이  콘텐츠  다작 보다  양질  채운다,IT
테슬라 주가  이번 주       하락   개월만에 최저,IT
 EV 수소 밸류체인 고려아연  수소 배터리 소재로  영업이익  조 클럽  눈앞,IT
 삼성 갤S   FE  갤S   내년    월 연이어 공개 전망 ,IT
세상 사람들의  걱정거리 는 코로나가 아니었다   위는    ,IT
컴투스  서머너즈워  세계 최강 가린다 SWC     월드파이널  개막 ,IT
네이버 D SF 더 공격적으로 바뀐다  투자 활성화,IT
먹는 치매치료제 나올까  아리바이오 국제학회서 임상 상 발표,IT
건당    만원 꿀알바  폰파라치  사라진다    공짜폰  대란오나,IT
네이버는  제페토  카카오는  공동체  메타버스 힘준다,IT
EU 관문 넘은 셀트리온  유럽서  역대급 코로나   확산  저지 나선다,IT
 저널리즘 한 스푼   진실확인자 언론인  공식 성립하려면,IT
 아하  우주  대마젤란은하서  소형 블랙홀  발견 태양질량   배,IT
OTT 춘추전국시대 돌입에  유료방송  개방형 셋톱박스  경쟁도 가열,IT
 토요리뷰  애플의 셋톱박스  애플TV  K  빠르지만 콘텐츠는  아직 ,IT
  정부는   반도체굴기 막으려는데 기업들은 투자 더 늘렸다,IT
게임도 하고 돈도 벌고 택진이형도 뛰어든다는  이것  부애리의 게임사전 ,IT
 통신망 먹통되자 지하철로 뛰었다   공공 와이파이의 재발견,IT
 셧다운제폐지  결국 없어질  악법   대체 왜 생겼을까 ,IT
 주말N수학 학생은 문제 푸는 로봇  수학 흥미 떨어뜨리면서 수포자 병자 취급하는 사회,IT
 OTT토크쇼     우리도 OTT  쿠팡플레이  콘텐츠  다작 보다  양질  채운다,IT
 아 옛날이여  실적 주춤한  N  돌파구는 신작과 NFT ,IT
메타버스 블록체인에 꽂힌 게임사  투자 M A 한달새   건,IT
샤오미 스마트폰   점유율        부정적 인식이 발목 ,IT
우리집 강아지가 코로나에 걸렸다  혹시 내가  사이언스라운지 ,IT
삼성 LG TV  국내서 사면 손해   관세 붙여도     저렴,IT
 한국어      년전   동북부 요하서 유래했다  새 학설,IT
 겜별사  배틀 커뮤니티는 가히 최강  리니지W ,IT
아빠는 넷플  엄마는 티빙  애들은 디플    구독료 허리 휘네 ,IT
 돈 버는 게임  열풍   제 의 바다이야기냐  메타버스 혁신이냐,IT
 줄기세포로 파킨슨병 치료    년 뒤엔 희망 보인다 ,IT
 디즈니  도 한국 상륙 갈수록 치열 OTT  각축전 ,IT
 영상  CES      서도  기업이 주인공 혁신상 대거 수상,IT
한국인    가 뽑는 사랑니  꼭 뽑아야 하나요  KISTI 과학향기 ,IT
쿠팡   분기 매출  조    억원    영업적자는 계속,IT
 스타트업 ing  리얼위드 황영진 대표  포스트 코로나 시대  메타버스 확대는 불가역적 ,IT
셀트리온 코로나 치료제 유럽승인 임박,IT
 최악의 SNS 욕먹더니   인스타 중독  이것  쓰면 해결될까,IT
 내년  월 삼성 갤S   FE   월 갤S   공개 전망 ,IT
넷플릭스 디즈니  애플TV    찾은 글로벌 OTT  뭘 봐야할까 ,IT
연합뉴스   년간 네이버 다음 뉴스서 못 본다,IT
토스  전자서명인증사업자 선정  토스인증서 활용 범위 확대 ,IT
  일부터 네이버 다음 뉴스에서  연합뉴스  못본다,IT
네이버 뉴스서 연합뉴스 기사 못 본다,IT
 사람과 너무 똑같죠    모델 발탁    세 가상 인간,IT
 광고성 기사  논란 연합뉴스  네이버 뉴스에서 퇴출,IT
연합뉴스    월  일부터  네이버 다음 뉴스 에서 사라진다,IT
 돈 버는 게임 뜨는데  국내선 규제에 발목,IT
 IT돋보기  한달 앞당긴 KT 조직개편 가볍고 빠르게 바꿨다,IT
전기차보다 더 친환경적인 전기차 기아 EV      일 공개,IT
토스가 찍으면 대박   이번엔 테슬라 MS 나이키 등 해외주식도 쏜다,IT
중환자 돌볼 의사 부족한데  병상부터 늘리라는 정부,IT
솔루스첨단소재   분기 사상 최대 매출 동박 OLED 소재 견인,IT
한달 당겨진 KT조직개편  인터넷 먹통 사태 책임 물었다,IT
셧다운제 폐지 게임업계엔  잃어버린   년 ,IT
 폴더블폰 열심히 베끼면서   일본 아직도 삼성 무시 ,IT
네이버 뉴스서  연합뉴스  못 본다 제평위 재평가 탈락,IT
 알림  세상을 보는 방법을 바꾼다   메타버스 미래  한눈에,IT
 디즈니  도 한국 상륙 갈수록 치열 OTT  각축전 ,IT
엔씨 유니버스  강다니엘 팬사인회 연다   명 추첨,IT
해외서 더 잘 나가는 기아   친환경 전략도  남 다르네 ,IT
엔씨소프트 유니버스  강다니엘 팬사인회 개최 예고,IT
 아 이뉴스  SKT 이어 KT도 한발 빠른 조직개편 지스타 닷새 앞으로,IT
인류가   년 공들인 망원경 외계 생명 찾으러 우주 간다,IT
 클릭  한경  투자상품 된 오피스텔에   만 명 몰려,IT
플랫폼 규제 단일창구  디지털경제부  신설제안 이중규제 풀어야,IT
한글과컴퓨터   분기 영업익     억원   전년        감소,IT
토스는 왜 카페  에    억원 투자하나,IT
연합뉴스    월  일부터  포털 뉴스 에서 사라진다 종합 ,IT
엑셈   분기 연결 매출    억   영업이익   억,IT
셀트리온  유럽  호  코로나 항체치료제 예약 이젠  시장 간다,IT
소니  칩부족으로 PS  생산량 하향조정,IT
 분기 연속  페이코인 효과  다날  코인 거래차익 덕에 최대 실적,IT
UT  서울 인천 개인택시조합과 맞손  상생 도모 ,IT
 배틀그라운드  뉴스테이트   지스타 출격한다,IT
셀트리온 코로나 치료제  콧대 높은 유럽 뚫었다,IT
뉴스제휴평가위  특별심사 결과 발표  벌점 누적  매체  곳 제재,IT
 돈 버는 게임  놓고 빅  업체 갈렸다,IT
고영테크놀러지  신사업 확장  가속 ,IT
 반도체 품귀에 파운드리 노났네  DB하이텍   분기 영업      억원 전년      ,IT
해외서 더 잘 나가는 기아   친환경 전략도  남 다르네 ,IT
이쁜줄만 알았는데 반려견이 암 코로나까지 진단해준다,IT
 네트워크 신뢰  제고 최우선 KT      년 조직개편 인사 단행,IT
물질 발굴부터 임상  상까지 모두 주도 셀트리온  국산 신약 개발 새역사,IT
 화산 폭발  중국 왕조 붕괴에 일조했다 황산 구름  흉년 초래 ,IT
반려동물 키우는  펫맘 유전자  있다  Science ,IT
한컴  마스크 생산 줄이니 매출       포스트 코로나  숙제,IT
들러리 예상했지만 무모한 도전 빛났다,IT
NFT 디지털 예술작품 인기에 디지털 액자도 뜬다,IT
연합뉴스 충격의 강등  포털 편집 뉴스 화면에서 사라진다,IT
DB하이텍   분기 영업익     억원 돌파 캐파 확대 조기 완료,IT
셀리드  코로나   백신 후보물질 임상  b  상 계획 신청,IT
엔씨소프트  신규  D 스캔 장비 도입  게임 영상 수준 향상 R D ,IT
DB하이텍  역대급 실적에 불어나는 현금성 잔고,IT
스밍총공 사재기 막는  이용자별 정산  놓고 음악계 의견 분분,IT
셀트리온  국산  호  코로나 치료제  연내 유럽 진출 가능성 실적 기대감  상승 ,IT
제도권 진입한 코인원   투명성 으로 MZ세대 선공략,IT
왓챠 만난 안철수   한국판 디즈니 나와야  이재명 윤석열 저격도,IT
KT  한달 앞당겨 대규모 조직개편 임원 인사,IT
스마트폰 카메라 고화소 시대     만화소 이상 탑재율    ,IT
인천중장년기술창업센터  중장년의 경험  노하우는 무시할 수 없습니다 ,IT
한컴  공격적 M A R D로 실적 급감,IT
K 배터리  총사 대학가에 잇단 러브콜   인재 유치전 치열,IT
삼성전자   년만에 인사제도 개편 추진,IT
오가논  핀란드 포렌도파마  조    억원에 인수  이우상의 글로벌워치 ,IT
에이치엘비그룹  에이치엘비생명과학에 이주형 사장 영입,IT
 증시이슈  MSCI 지수 편입된 크래프톤 카카오게임즈 주가  ,IT
강스템바이오텍   분기 누적 매출   억원   상장 조건 충족할 것 ,IT
KT  한달 빨리 인사 단행 네트워크부문장 교체  최연소 여성 전무 발탁,IT
한전   Q 영업손실  천   억원  분기 연속 적자,IT
금융위  코인원 가상자산 사업자 신고 수리 빗썸은 보류,IT
 영탁 음원 사재기  불씨  비례배분 vs 이용자별  정산다툼  활활   IT돋보기 ,IT
KT     년 승진 임원   명 전체 명단,IT
 배달비 왜 올랐나 봤더니  고객이 기사 보험료 벌금까지 내줬다,IT
LCD 수출  개월 연속 줄었다,IT
엔씨   직장 내 괴롭힘  가해 직원  명 정직 처분,IT
  호 거래소  된 코인원 같은 은행 쓰는 빗썸은  보류 ,IT
다날   분기 순이익      증가    페이코인 덕 봤다 ,IT
 일본   만 이용자에 라인프렌즈 NFT  라인  데브데이 개최,IT
스마트폰 카메라 고화소 시대     만화소 이상 탑재율    ,IT
인천중장년기술창업센터  중장년의 경험  노하우는 무시할 수 없습니다 ,IT
디즈니  가세에 글로벌 OTT  격돌   OTT  사 차별화 전략은 ,IT
삼성전자   년 만에 인사제도 개편    이재용  뉴 삼성  속도내나,IT
토스  전자서명인증사업자 선정,IT
위드 코로나에 행복한 비명 지르는 카카오T 우티,IT
 유통공룡 변신   이베이 품은 신세계  롯데 아닌 쿠팡과  맞수  되나,IT
삼성증권  파생상품분석 업무에 오라클 클라우드 도입,IT
 무야호  외친  무한도전 프로 장면  MBC 최고 낙찰가에 팔렸다,IT
차량용 반도체 빅   공급난에  분기 실적  씽씽 ,IT
왓챠 대표 K 플랫폼 관심 촉구에 안랩으로 화답한 안철수,IT
샤오미  스냅드래곤  레드미노트    내년  분기 출시,IT
로봇이 몸 속 세포에 치료 약물 전달한다 ,IT
셀트리온 코로나 치료제  렉키로나  유럽서 승인 권고,IT
엔젠바이오  고형암 NGS 진단  온코아큐패널  시장 확대 본격화,IT
손상된 DNA 복구하는 단백질 발견 암 노화 치료길 열릴까 ,IT
  분유 리베이트  받은 산부인과 산후조리원도 처벌해야 ,IT
둥지 넓히는 네이버 D SF  스타트업 공격투자 예고,IT
앱토즈  혈액암 치료제 생체이용률   배 향상시킨 제제 개발,IT
 조달청 입찰정보 주간 신기술 서비스 용역,IT
남극 사는 아델리펭귄  뉴질랜드에 깜짝 출현  천km 헤엄쳐,IT
크리스탈지노믹스  생체이용률   배 향상시킨 혈액암 치료제 제제 개발,IT
보로노이  국가신약개발사업 과제  건 선정,IT
셀리드  코로나   백신 국내 임상  b  상 신청,IT
해양 탄소 순환 감시할 자율주행 로봇,IT
국내  위 코인 거래소 빗썸  사업자 신고 수리 보류당해,IT
 농업이 IT 잇 다  정혁 대성  스마트하이브 탈봉 로봇으로 벌 양봉업 가치 높인다 ,IT
디즈니플러스  드디어 한국 상륙  디플 런칭쇼  진행,IT
 이주의 바이오 키워드  코로나 판도 바꿀 먹는 치료제가 나오면   경구용 치료제  백신 정례화,IT
소변 색깔 변했다면 일단 이 병 의심,IT
심슨가족  해밀턴  로키  어벤져스 디즈니플러스에 다 있다,IT
광동제약  생약원료 국산화 확대 나선다,IT
빗썸  가상자산 사업자 신고수리 보류   왜 ,IT
 이재용 부회장  골드만삭스 회장과 경영승계 아닌 미래전략 논의 ,IT
폐막 하루 앞둔 COP   주요 합의 내용은,IT
 코로나 백신 접종과 이상반응 인과성 평가 기준 마련한다 ,IT
  중국  아닌  동이족  언어가 알타이어족 뿌리 ,IT
중 반도체 첨병 SMIC  내분   구원투수  영입 부회장 사퇴,IT
 털린 내 정보  직접 확인한다  사기이력 조회범위도 확대,IT
 법망 만들어 달라  토종 OTT가 간절히 호소하는 이유,IT
남극 사는 아델리펭귄  뉴질랜드에 깜짝 출현  천km 헤엄쳐,IT
크리스탈지노믹스  생체이용률   배 향상시킨 혈액암 치료제 제제 개발,IT
IP 확보 집중 플랫폼부터 마련 비슷한듯 다른 거래소 별 NFT 사업전략,IT
디즈니  OTT 가입자 증가세 둔화로 매출 성장에  빨간불 ,IT
현대바이오 먹는 코로나 치료제 임상  상 승인,IT
 부스터샷 도 네이버 카카오로 잔여백신 예약 가능,IT
 디즈니  출시   웨이브 에 올라타봐 이태현 대표  신선한 자극 줄것 ,IT
디즈니의  마블민국  상륙에 국내 OTT  진흥정책 내놔라 ,IT
넷플릭스  만    원 vs 디즈니     원 OTT 두 공룡 한국 시장서 격돌,IT
 애플TV  K 써보니  견고한 애플 생태계 안방까지 침투,IT
넷플릭스 이어 디즈니 까지   조   시장서 입지 좁아지는 토종 OTT,IT
휴대폰으로 사업장 일반전화와 문자 소통,IT
 넷플릭스도 벅찬데  애플TV에 디즈니까지  위기의 토종 OTT,IT
차바이오텍   분기 연결 매출     억원 역대 최대,IT
 배그가 효자  크래프톤   Q 역대 최대 매출  NFT 메타버스도 진출할까,IT
바이든   보안장비법  서명  화웨이 ZTE 등   통신장비 허가 금지,IT
 이슈진단   게임하며 돈버는 NFT게임  해외 Yes 국내 No   규제 해법은,IT
게임업계 블록체인에 빠지다   엔씨 컴투스 게임빌  참전 ,IT
디즈니   오늘   일  국내 상륙 넷플릭스와 정면대결,IT
 털린 내 정보  직접 확인한다  사기이력 조회범위도 확대,IT
,IT
넷플릭스 대항마 될까 디즈니플러스도  국내 상륙 ,IT
무증했는데 왜이래   NHN한국사이버결제  오전 한때    가까이 떨어져,IT
위드 코로나 열흘 지나자 위중증 환자 돌파감염 급증,IT
 죽어가던 사람이 뛴다  줄기세포로 치료하는 파킨슨병,IT
삼성전자   폴더블폰 대중화  전략 적중 따라하는   기업들,IT
오래 전에 잃어버린 달 파편 찾았다  우주로 간다 ,IT
꿀벌   살인말벌  나타나면 더 큰 비명 지른다,IT
 게임하면서 돈 번다  NFT에 올라타는 게임사들,IT
지름     지구근접 소행성  카모 오알레와 는 달서 떨어진 파편,IT
해외에서 더 유명한 게임사 크래프톤  매출 신기록,IT
LG유플러스 야구한국시리즈 특별중계,IT
네이버    일 정기이사회 한성숙 대표 거취  촉각 ,IT
  오이풀 뿌리 추출물 항암 효과 뛰어나 기존 약 병용시  배 ,IT
 없어서 못 판다 는 자동차용 MLCC   위   무라타 추격 나선 삼성전기,IT
위메이드 미르   글로벌 동접자    만 돌파,IT
 배송도 안됐는데 벌써부터  삼성  로또시계  웃돈   만원까지 붙었다,IT
 암 노화 원인  활성산소에 손상된 DNA 복구 단백질 발견,IT
  년전 무한도전 명장면  NFT 만났다  무야호      만원,IT
 지스타       개막 닷새 앞으로 주요 출품작 미리보기,IT
 우주산업 리포트  우주산업에 부는  ESG  바람,IT
강제적 게임 셧다운제  폐지 확정 내년부터 시간 선택제  일원화 ,IT
꽃  낙엽 떨구는 가위단백질 비밀 찾는 이유리 서울대 교수,IT
엔씨소프트  폭언 따돌림 등 직장내 괴롭힘  가해직원  명 정직 처분,IT
엔씨소프트  신규  D 스캔 장비  종 도입 게임 영상 수준 높인다,IT
디즈니도 메타버스 열풍에 뛰어들까,IT
마이애미시  시티코인 스테이킹 보상 시민들에게 배당 예정 등,IT
 독도는 우리 땅  쯔양에    비추테러    유튜브서  싫어요  사라진다,IT
아미코젠  로피바이오에 전략적 투자 지분     확보,IT
뱅크샐러드   전자서명인증사업자  선정,IT
스바루  첫 순수전기차  솔테라  공개   콤팩트 SUV,IT
 쌀먹충  놀림받던 게임  현거래  NFT 타고   세기엔  황금알  변신 ,IT
 골린이  노리는 삼성전자 vs  골프족  겨냥한 LG전자 승자는 ,IT
 지금은 과학  유전체 불안정  DNA 틈  노출 줄이는 단백질 있다,IT
  타임지  올해    대 발명품에 갤Z플립  선정,IT
하반신 마비 생쥐  겔 주사맞고  주만에 다시 걸었다,IT
오늘부터 월  만     원에  디즈니     안방서 본다,IT
 돈버는 게임 에 빠진 게임산업  향후 성과가 관건,IT
  쇼핑축제  솽스이  왕좌는  애플    삼성은   위,IT
오늘   일 부터  부스터샷  네이버 카카오로 당일 예약,IT
 우주산업 리포트  우주산업에 부는  ESG  바람,IT
엔씨  성희롱 등 직장 내 괴롭힘 관련자  명 징계,IT
 탭루트  업그레이드 앞둔 비트코인  만    달러대,IT
 한국어 뿌리는 유목민 아닌 랴오허강 농부 언어 ,IT
기대 부응 못한 미니LED TV 내년은 ,IT
 충전 안했는데  휴대전화 충전기 트래킹 화재 주의,IT
디즈니   오늘부터 한국서 스트리밍 월     원,IT
디즈니플러스 서비스 시작 오리지널  런닝맨 스핀오프  공개,IT
크래프톤  Q 사상 최대 매출 기록 메타버스 NFT는  연구  ,IT
 상륙한 글로벌 OTT 오늘부터 디즈니  본다   넷플릭스 천하  깰까,IT
태고적 떨어져 나간  달의 파편  찾았다 과학을읽다 ,IT
셀트리온  코로나 치료제 렉키로나  유럽 승인권고 의견 획득 ,IT
 글로벌포스트   너무 올랐나  비트코인 단기 하락 가능성 나와,IT
유럽 보건당국  셀트리온 코로나 항체치료제 승인 권고,IT
MRO 사업 넓히는 대한항공   엔진 정비능력  선제 확대한다,IT
  년전 잡스가 처음 만든 PC   억    만원에 팔렸다 IT썰 ,IT
테슬라 닮은 세기말 디자인  애플카 예상 이미지 보니 IT썰 ,IT
 핵잼 사이언스  선사시대 검치 호랑이는 가족을 보살피는 맹수였다,IT
샤오미   레드미노트    칩셋 바꿔 글로벌 정조준할까,IT
스페이스X  새 스타링크 안테나 접시 공개  더 작고 가벼워졌다 ,IT
디즈니  출격 넷플릭스  애써 미소  토종 OTT  생존 절실 ,IT
 NFT 게임보다 재미가 먼저다  크래프톤의  소신 발언 ,IT
 게임 아이템의 대가  엔씨도 뛰어든  돈 버는 게임  NFT P E 뭐길래,IT
 OTT토크쇼    IPTV 그늘 벗어난  시즌   기본부터  독점 마케팅  시동 ,IT
고대이집트 마지막 왕조 세운 파라오의     년 된 신전터 발견,IT
  일IT템 스마트폰도 한류  삼성 갤Z플립  올해 최고 발명품      타임지,IT
공룡  디즈니   출격 애플TV  넷플릭스와 글로벌 OTT   파전 ,IT
 카카오 대신 우티로 불러주세요  모빌리티  쩐의 전쟁   인싸IT ,IT
 잇섭 폭로  후 반년 KT 인터넷 속도 개선됐을까,IT
LG유플러스  디즈니  IPTV 독점 제휴  IPTV 사업 성장 지속,IT
 손흥민 경기   주 지나도 볼거냐   OTT 영상 가치 낮추는 정부 정책  뭇매 ,IT
 한국은 너무 작다   디즈니 오자 해외 가는  토종 OTT ,IT
자율주행 스타트업의  한숨   대 운행하는데 택시업계는  안된다 ,IT
한국 온다는  디즈니플러스   망 사용료는 어떻게 ,IT
중장년층  명 중  명  임플란트 치료 원하지만 진료비 부담,IT
디즈니     일 국내 상륙  넷플릭스와  빅매치  벌인다,IT
코로나로 증명한 mRNA백신 효과  암 에이즈 독감 정복 나선다,IT
    m 바닷속 탐사  자율주행 로봇에 맡겨라,IT
 MRI로 신체 스캔하듯 분자 상태 들여다본다 ,IT
 NFT 국내 게임사    컴투버스 핵심 열쇠  게임빌  토큰이코노미 준비  박차 ,IT
디즈니  출격 넷플릭스  애써 미소  토종 OTT  생존 절실 ,IT
 NFT 게임보다 재미가 먼저다  크래프톤의  소신 발언 ,IT
엔씨소프트  영업익 반토막 났는데 주가는 상한가 왜 ,IT
개인정보보호위가 개인정보 황당 유출  어떻게 이런 일이 ,IT
 영상 반도체 공급망 전쟁 막 올랐다   소니  대만 TSMC와  맞손 ,IT
 샤오미  한국선 잘 팔려야 몇천대   중국폰 누가 사나요 ,IT
 포상금    만원  폰파라치 없어지겠네  환호하는 휴대폰 대리점들  왜 ,IT
삼성 폴더블폰 성공에 놀랐나   기업들 줄줄이  도전장 ,IT
 린저씨  분노에 엔씨 영업익 반토막    그래도 믿을 건 리니지 ,IT
게임 빅    분기 동반 부진 게임사별 부진 타개할 카드는 ,IT
  일 지구가 달을 삼킨다    년 뒤엔 검붉은  개기월식 ,IT
MZ세대 글로벌 대형 행사  메타버스로 연다,IT
 삼성에 도전   유명 연예인 반한 일본 토스터기 회사 놀라운  반전 ,IT
 뉴스분석  글로벌 OTT싸움에 새우등  토종업체  코드커팅  당하나,IT
 THE BIO  제 의 공급     조 규모  골리앗이 된 CDMO,IT
 마블 보러 디즈니  갈래    LGU  KT  가입 유치전 뜨겁다,IT
 종합   배틀그라운드의 힘  크래프톤  분기 최대 실적 달성,IT
청소년 심야 PC게임  족쇄  풀렸다,IT
영업익 반토막 난 엔씨   리니지W  날개 달고 다시 난다,IT
유럽의약품청  한국 셀트리온 코로나 항체치료제 렉키로나 승인 권고 ,IT
당근마켓  요소수 거래 전면 제한  주유소에서만 ,IT
 이런 게임에 누가 돈 쓸까 했는데  욕하면서도 리니지 왜 할까 ,IT
구글 외부결제 고율 수수료 논란  웹툰 웹소설업계 뿔났다,IT
   백신 부작용   와 양상 다르다    만    명 흉통 호소 ,IT
NFT에 미친 게임업계  크래프톤 일침  게임이 먼저  종합 ,IT
 NFT 급할 거 없어요  크래프톤  오리지널 콘텐츠 정공법 승부,IT
정부에 SOS 요청한 토종 OTT   시장 다 내주고 도와줄거냐 ,IT
 최대 실적  크래프톤  NFT는  신중   게임 잘 만드는 게 먼저 ,IT
크래프톤  연매출  조 클럽 초읽기  NFT는 긍정적이지만    ,IT
 낙상  할머니  다친곳 없이 멀쩡 AI가    초 만에 에어백 펼쳤다,IT
엔씨 블록체인게임 내년에 나온다,IT
크래프톤  역대 분기 최고 매출  게임 내 NFT 활용 검토   종합 ,IT
샤오미    만원대 보급형 스마트폰  레드미     국내 출시,IT
 생긴 건 애플  이름은 삼성  중국 짬뽕 이어폰  과연 팔릴까,IT
 아 이뉴스  디즈니 망지급료 받는 LGU  강제적 셧다운제 폐지,IT
 코인 급행열차  탄 엔씨소프트 어닝쇼크에도  ,IT
확률형 아이템에 영업익 반토막 엔씨  내년 블록체인 게임으로 승부수,IT
아리바이오  임상  상서 먹는 치매약 효과 ,IT
 이제  게임 대장 은 우리  크래프톤  분기 매출  최대실적 ,IT
서울 구로 영등포 일대 KT 통신 장애  시간 반 만에 복구,IT
당근마켓  요소수 거래 전면 제한  주유소에서만 ,IT
 이런 게임에 누가 돈 쓸까 했는데  욕하면서도 리니지 왜 할까 ,IT
 년 차 구현모  조직개편  임박 ,IT
 분기 게임업계 실적 희비   N  울고   K  미소,IT
소매금융 철수 한국씨티    천   명 최대  억원 희망퇴직 신청,IT
카카오페이  상장 후 최저치  분기 영업적자에 투자자 외면했나,IT
한국 시장 포기 않는  샤오미   만원대 LTE 스마트폰 출시,IT
에어택시  강남 김포공항   분 만에 날아간다,IT
    만    원에 디즈니  보세요 ,IT
엔씨  이익 반토막 에도 상한가 NFT 블록체인 게임 승부수,IT
게임주에  메타버스  바람 웹젠 게임빌    이상 급등,IT
실적 반토막 엔씨도 벌떡  NFT 게임  게임체인저 되나,IT
서울 구로 영등포 일대 KT 통신 장애  시간 반 만에 복구,IT
애플 특허로 디자인해 본  애플카  이런 모습일까 ,IT
이재명  가상자산 과세  년 유예 공제한도 상향  공약 청년 표심 공략,IT
중국인  명 중  명이 썼다 매출 대박 난 한국 기업,IT
 헬스케어포럼       휘수 파마론 CBO    혁신 신약 개발에 투자금 몰려 협력 파트너로 전통의약기업 유망 ,IT
세포밖에서 초고속 항체생산 K바이오 신기술 뜬다,IT
정은경  일상회복  단계 전환 어려울 수도 ,IT
LGU 의 강수    디즈니   넷플릭스보다 싸게 ,IT
NHN한국사이버결제  주당    주 무상증자  주주가치 제고 ,IT
 일본  싫어요   독도 쯔양 테러  유튜브 오늘부터 없앤다,IT
글로벌서 통하는  배틀그라운드  크래프톤  Q 매출  분기 최대  종합 ,IT
크래프톤   분기 매출     억 분기 최대치 달성 상보 ,IT
모바일인덱스  오딘   개월 연속  위 지켰다 ,IT
SW 없이 못 사는데  중국은    시간  우리는   시간 교육 ,IT
 리니지 집행검을 NFT로  엔씨도 블록체인게임 만든다,IT
 배그  크래프톤   리니지  엔씨소프트보다  배 더 벌었다,IT
삼성전자     D 패키징 솔루션  H Cube  개발,IT
한화큐셀    텍사스서 첫 ESS단독 단지 개발 진행,IT
크래프톤      년  분기 역대 최대 매출     억 기록,IT
 증시이슈  엔씨  NFT 게임 출시 소식에 주가 날개 달았다,IT
NHN한국사이버결제   주당    주 무상증자 결정,IT
크래프톤   분기 매출     억원 달성 역대 최대,IT
인텔   세대 CPU 냉각장치 호환성 문제 제기돼,IT
내년부터 미성년자도 밤새 게임할 수 있다,IT
 내년 초 갤럭시A   나온다   예상 사양은 ,IT
크래프톤   분기 영업익  천   억   전년비     ,IT
미디어에 힘쏟는 통신사 해외 OTT와는  코피티션 ,IT
 디즈니 로 차별화  LG유플러스  IPTV 사업 힘준다,IT
NHN한국사이버결제  주당    주 무상증자  주주가치 제고 ,IT
 IT돋보기   성범죄 사기 도박정보 안돼  칼 뽑아 든 카카오,IT
 디즈니 도 상륙  글로벌 OTT 디즈니  내일부터 LGU  통해 서비스,IT
 메타버스 열린다    내년 차세대  XR 헤드셋  신제품 봇물,IT
자동 주차하고  위험하면 경고    진화하는 전동킥보드들,IT
게임주만 날았다 엔씨  상한가  크래프톤  최고가 ,IT
 반도체 재건  노리는   자국 공장에도  보조금  태운다,IT
 반토막  된 엔씨 넷마블 실적  P E  진출로 반등할까,IT
 ET단상 차세대  G 이동통신 R D  시작할 때다,IT
애플vs퀄컴   년여 소송  종지부    연방법원  애플 청구  기각 ,IT
LG그룹  자회사 S I 빌딩 관리 사업 맥쿼리PE에 매각 추진,IT
삼성  비스포크 큐커  공급대란 풀렸다,IT
 게임 빅   크래프톤   분기 영업이익     억원 전년비       ,IT
 사전예약     만  크래프톤  야심작     개 국가 동시 출격,IT
 부스터샷  맞은   대 여성  명 사망   국내 첫 사례,IT
유튜브  낯선 과학의 문턱 낮췄다 이젠 사실 확인도 함께 신경써야,IT
디즈니  상륙에 국내 OTT 긴장  지원책 절실  호소,IT
디즈니플러스   일  상륙 KT LG U  전용 요금제로 고객 유치전 후끈,IT
  일 첫선보이는 디즈니플러스 LG유플  월  만원대 요금제 출시,IT
